{
  "elapsed_seconds": 0.06394160003401339,
  "fills": 61033,
  "pnl": -9174.51758477278,
  "stages": {
    "data_generation": 0.03322739992290735,
    "policy_generation": 0.006058600032702088,
    "engine_run": 0.02465560007840395
  }
}